{
  "format_version": "1.16.0",
  "minecraft:entity": {
    "description": {
      "identifier": "adv:iron_golem",
      "is_spawnable": false,
      "is_summonable": false
    },
    "components": {
      "minecraft:type_family": {
        "family": [
          "iron_golem"
        ]
      },
      "minecraft:health": {
        "value": 100
      },
      "minecraft:movement": {
        "value": 0.23
      },
      "minecraft:attack": {
        "damage": 7
      },
      "minecraft:behavior.melee_attack": {
        "priority": 1,
        "speed_multiplier": 1.0
      },
      "minecraft:behavior.look_at_entity": {
        "priority": 2,
        "look_distance": 10
      }
    },
    "events": {
      "adv:protect_village": {
        "run_command": {
          "command": [
            "say Iron Golem responding to village alarm."
          ]
        }
      },
      "minecraft:entity_hurt": {
        "add": [
          {
            "run_command": {
              "command": [
                "adv:tag_village_under_attack @s"
              ]
            }
          }
        ]
      }
    }
  }
}