{
  "format_version": "1.16.0",
  "minecraft:entity": {
    "description": {
      "identifier": "adv:villager",
      "is_spawnable": false,
      "is_summonable": false,
      "is_experimental": false
    },
    "components": {
      "minecraft:type_family": {
        "family": [
          "villager"
        ]
      },
      "minecraft:health": {
        "value": 20
      },
      "minecraft:movement": {
        "value": 0.2
      },
      "minecraft:nameable": {},
      "minecraft:behavior.random_stroll": {
        "priority": 2,
        "speed_multiplier": 1.0,
        "probability": 0.6
      },
      "minecraft:behavior.look_at_entity": {
        "priority": 2,
        "look_distance": 8,
        "filters": {
          "test": "is_family",
          "subject": "other",
          "family": [
            "player",
            "villager"
          ]
        }
      },
      "minecraft:behavior.trade_with_player": {
        "priority": 4
      },
      "minecraft:behavior.avoid": {
        "priority": 1,
        "avoid_distance": 6,
        "entity_types": [
          "minecraft:creeper",
          "minecraft:zombie"
        ]
      }
    },
    "events": {
      "minecraft:entity_died": {
        "add": [
          {
            "run_command": {
              "command": [
                "adv:notify_village_death @s"
              ]
            }
          }
        ]
      }
    }
  }
}